rundate,this_period,last_period,grp_cd,grp_name,apt1_apt_name,apt2_apt_name,total_pax_tp,total_pax_shd_tp,total_pax_cht_tp,total_pax_lp,total_pax_shd_lp,total_pax_cht_lp,total_pax_pc
14/03/2025 12:08,2024,2023,A,London Area Airports,GATWICK,ABERDEEN,196469,196469,0,194917,194917,0,0.79624
14/03/2025 12:08,2024,2023,A,London Area Airports,GATWICK,BELFAST CITY (GEORGE BEST),277800,277800,0,233493,233493,0,18.97573
14/03/2025 12:08,2024,2023,A,London Area Airports,GATWICK,BELFAST INTERNATIONAL,444142,444142,0,484490,484490,0,-8.32793
14/03/2025 12:08,2024,2023,A,London Area Airports,GATWICK,BIRMINGHAM,0,0,0,168,168,0,-100
14/03/2025 12:08,2024,2023,A,London Area Airports,GATWICK,BRISTOL,2,2,0,201,201,0,-99.00498
14/03/2025 12:08,2024,2023,A,London Area Airports,GATWICK,EAST MIDLANDS INTERNATIONAL,1,1,0,169,169,0,-99.40828
14/03/2025 12:08,2024,2023,A,London Area Airports,GATWICK,EDINBURGH,476152,476152,0,459436,459436,0,3.63837
14/03/2025 12:08,2024,2023,A,London Area Airports,GATWICK,GLASGOW,455095,454954,141,466131,465944,187,-2.36757
14/03/2025 12:08,2024,2023,A,London Area Airports,GATWICK,GUERNSEY,254601,254601,0,307579,307579,0,-17.22419
14/03/2025 12:08,2024,2023,A,London Area Airports,GATWICK,HEATHROW,0,0,0,173,173,0,-100
14/03/2025 12:08,2024,2023,A,London Area Airports,GATWICK,INVERNESS,222417,222417,0,222964,222964,0,-0.24533
14/03/2025 12:08,2024,2023,A,London Area Airports,GATWICK,ISLE OF MAN,165643,165505,138,160318,160318,0,3.32152
14/03/2025 12:08,2024,2023,A,London Area Airports,GATWICK,JERSEY,381611,381611,0,342837,342837,0,11.30975
14/03/2025 12:08,2024,2023,A,London Area Airports,GATWICK,LEEDS BRADFORD,142,0,142,94,0,94,51.06383
14/03/2025 12:08,2024,2023,A,London Area Airports,GATWICK,LIVERPOOL (JOHN LENNON),318,0,318,148,148,0,114.86486
14/03/2025 12:08,2024,2023,A,London Area Airports,GATWICK,LONDON CITY,1,0,1,38,38,0,-97.36842
14/03/2025 12:08,2024,2023,A,London Area Airports,GATWICK,LUTON,0,0,0,262,262,0,-100
14/03/2025 12:08,2024,2023,A,London Area Airports,GATWICK,MANCHESTER,588,460,128,438,283,155,34.24658
14/03/2025 12:08,2024,2023,A,London Area Airports,GATWICK,NEWCASTLE,115,0,115,0,0,0,0
14/03/2025 12:08,2024,2023,A,London Area Airports,GATWICK,NEWQUAY,83252,83252,0,83948,83948,0,-0.82908
14/03/2025 12:08,2024,2023,A,London Area Airports,GATWICK,STANSTED,379,379,0,339,339,0,11.79941
14/03/2025 12:08,2024,2023,A,London Area Airports,HEATHROW,ABERDEEN,569470,569470,0,506327,506327,0,12.47079
14/03/2025 12:08,2024,2023,A,London Area Airports,HEATHROW,BELFAST CITY (GEORGE BEST),585479,585479,0,564018,564018,0,3.80502
14/03/2025 12:08,2024,2023,A,London Area Airports,HEATHROW,CITY OF DERRY (EGLINTON),74523,74523,0,46770,46770,0,59.33932
14/03/2025 12:08,2024,2023,A,London Area Airports,HEATHROW,DUNDEE,29334,29334,0,19552,19552,0,50.03069
14/03/2025 12:08,2024,2023,A,London Area Airports,HEATHROW,EDINBURGH,1159797,1159703,94,1049394,1049300,94,10.52064
14/03/2025 12:08,2024,2023,A,London Area Airports,HEATHROW,GLASGOW,953371,953371,0,858173,858173,0,11.0931
14/03/2025 12:08,2024,2023,A,London Area Airports,HEATHROW,INVERNESS,160215,160215,0,159029,159029,0,0.74578
14/03/2025 12:08,2024,2023,A,London Area Airports,HEATHROW,ISLE OF MAN,33797,33797,0,33283,33283,0,1.54433
14/03/2025 12:08,2024,2023,A,London Area Airports,HEATHROW,JERSEY,334885,334885,0,334880,334880,0,0.00149
14/03/2025 12:08,2024,2023,A,London Area Airports,HEATHROW,KIRKWALL,2761,2761,0,2003,2003,0,37.84324
14/03/2025 12:08,2024,2023,A,London Area Airports,HEATHROW,MANCHESTER,629227,629227,0,577540,577540,0,8.94951
14/03/2025 12:08,2024,2023,A,London Area Airports,HEATHROW,NEWCASTLE,497469,497469,0,437735,437735,0,13.64616
14/03/2025 12:08,2024,2023,A,London Area Airports,HEATHROW,NEWQUAY,0,0,0,2697,2697,0,-100
14/03/2025 12:08,2024,2023,A,London Area Airports,HEATHROW,SUMBURGH,2395,2395,0,2194,2194,0,9.16135
14/03/2025 12:08,2024,2023,A,London Area Airports,LONDON CITY,ABERDEEN,0,0,0,1072,1072,0,-100
14/03/2025 12:08,2024,2023,A,London Area Airports,LONDON CITY,BELFAST CITY (GEORGE BEST),122445,122445,0,132133,132133,0,-7.33201
14/03/2025 12:08,2024,2023,A,London Area Airports,LONDON CITY,BELFAST INTERNATIONAL,0,0,0,85,85,0,-100
14/03/2025 12:08,2024,2023,A,London Area Airports,LONDON CITY,DUNDEE,0,0,0,9272,9272,0,-100
14/03/2025 12:08,2024,2023,A,London Area Airports,LONDON CITY,EDINBURGH,334893,334893,0,342810,342810,0,-2.30944
14/03/2025 12:08,2024,2023,A,London Area Airports,LONDON CITY,GLASGOW,207739,207739,0,208629,208629,0,-0.42659
14/03/2025 12:08,2024,2023,A,London Area Airports,LONDON CITY,GUERNSEY,44394,44394,0,0,0,0,0
14/03/2025 12:08,2024,2023,A,London Area Airports,LONDON CITY,ISLE OF MAN,19047,19047,0,18262,18262,0,4.29854
14/03/2025 12:08,2024,2023,A,London Area Airports,LONDON CITY,JERSEY,0,0,0,3176,3176,0,-100
14/03/2025 12:08,2024,2023,A,London Area Airports,LONDON CITY,KIRKWALL,0,0,0,41,41,0,-100
14/03/2025 12:08,2024,2023,A,London Area Airports,LONDON CITY,MANCHESTER,49,0,49,100,0,100,-51
14/03/2025 12:08,2024,2023,A,London Area Airports,LONDON CITY,SOUTHAMPTON,0,0,0,93,93,0,-100
14/03/2025 12:08,2024,2023,A,London Area Airports,LONDON CITY,SUMBURGH,0,0,0,35,35,0,-100
14/03/2025 12:08,2024,2023,A,London Area Airports,LUTON,ABERDEEN,71285,71285,0,80169,80169,0,-11.08159
14/03/2025 12:08,2024,2023,A,London Area Airports,LUTON,BELFAST CITY (GEORGE BEST),67350,67350,0,30650,30650,0,119.73899
14/03/2025 12:08,2024,2023,A,London Area Airports,LUTON,BELFAST INTERNATIONAL,349747,349747,0,364837,364837,0,-4.13609
14/03/2025 12:08,2024,2023,A,London Area Airports,LUTON,BIRMINGHAM,95,95,0,0,0,0,0
14/03/2025 12:08,2024,2023,A,London Area Airports,LUTON,BRISTOL,179,179,0,0,0,0,0
14/03/2025 12:08,2024,2023,A,London Area Airports,LUTON,EAST MIDLANDS INTERNATIONAL,177,177,0,0,0,0,0
14/03/2025 12:08,2024,2023,A,London Area Airports,LUTON,EDINBURGH,338792,338792,0,313448,313448,0,8.08555
14/03/2025 12:08,2024,2023,A,London Area Airports,LUTON,GLASGOW,254923,254923,0,235998,235998,0,8.01914
14/03/2025 12:08,2024,2023,A,London Area Airports,LUTON,INVERNESS,141193,141193,0,150135,150135,0,-5.95597
14/03/2025 12:08,2024,2023,A,London Area Airports,LUTON,ISLE OF MAN,1782,1782,0,0,0,0,0
14/03/2025 12:08,2024,2023,A,London Area Airports,LUTON,JERSEY,102207,102207,0,101451,101451,0,0.74519
14/03/2025 12:08,2024,2023,A,London Area Airports,LUTON,LIVERPOOL (JOHN LENNON),0,0,0,374,374,0,-100
14/03/2025 12:08,2024,2023,A,London Area Airports,LUTON,LONDON CITY,0,0,0,203,203,0,-100
14/03/2025 12:08,2024,2023,A,London Area Airports,LUTON,MANCHESTER,134,134,0,255,113,142,-47.45098
14/03/2025 12:08,2024,2023,A,London Area Airports,LUTON,NORWICH,2,0,2,0,0,0,0
14/03/2025 12:08,2024,2023,A,London Area Airports,LUTON,SOUTHAMPTON,3,3,0,0,0,0,0
14/03/2025 12:08,2024,2023,A,London Area Airports,LUTON,STANSTED,5,5,0,5,5,0,0
14/03/2025 12:08,2024,2023,A,London Area Airports,SOUTHEND,BELFAST CITY (GEORGE BEST),39,39,0,0,0,0,0
14/03/2025 12:08,2024,2023,A,London Area Airports,SOUTHEND,EDINBURGH,74,74,0,0,0,0,0
14/03/2025 12:08,2024,2023,A,London Area Airports,SOUTHEND,GLASGOW,45,45,0,0,0,0,0
14/03/2025 12:08,2024,2023,A,London Area Airports,SOUTHEND,GUERNSEY,250,250,0,0,0,0,0
14/03/2025 12:08,2024,2023,A,London Area Airports,SOUTHEND,ISLE OF MAN,0,0,0,13,13,0,-100
14/03/2025 12:08,2024,2023,A,London Area Airports,SOUTHEND,LIVERPOOL (JOHN LENNON),0,0,0,45,0,45,-100
14/03/2025 12:08,2024,2023,A,London Area Airports,SOUTHEND,NEWQUAY,72,72,0,0,0,0,0
14/03/2025 12:08,2024,2023,A,London Area Airports,STANSTED,ABERDEEN,0,0,0,99,99,0,-100
14/03/2025 12:08,2024,2023,A,London Area Airports,STANSTED,BELFAST INTERNATIONAL,569257,569219,38,489477,489477,0,16.29903
14/03/2025 12:08,2024,2023,A,London Area Airports,STANSTED,BIRMINGHAM,0,0,0,349,349,0,-100
14/03/2025 12:08,2024,2023,A,London Area Airports,STANSTED,BOURNEMOUTH,81,0,81,0,0,0,0
14/03/2025 12:08,2024,2023,A,London Area Airports,STANSTED,BRISTOL,0,0,0,180,180,0,-100
14/03/2025 12:08,2024,2023,A,London Area Airports,STANSTED,CITY OF DERRY (EGLINTON),0,0,0,19108,19108,0,-100
14/03/2025 12:08,2024,2023,A,London Area Airports,STANSTED,EAST MIDLANDS INTERNATIONAL,112,112,0,180,180,0,-37.77778
14/03/2025 12:08,2024,2023,A,London Area Airports,STANSTED,EDINBURGH,693953,693690,263,599950,599950,0,15.66847
14/03/2025 12:08,2024,2023,A,London Area Airports,STANSTED,GLASGOW,224605,224605,0,228389,228229,160,-1.65682
14/03/2025 12:08,2024,2023,A,London Area Airports,STANSTED,GUERNSEY,9102,9102,0,0,0,0,0
14/03/2025 12:08,2024,2023,A,London Area Airports,STANSTED,HEATHROW,266,266,0,75,75,0,254.66667
14/03/2025 12:08,2024,2023,A,London Area Airports,STANSTED,INVERNESS,144,0,144,140,0,140,2.85714
14/03/2025 12:08,2024,2023,A,London Area Airports,STANSTED,JERSEY,0,0,0,3626,3626,0,-100
14/03/2025 12:08,2024,2023,A,London Area Airports,STANSTED,MANCHESTER,893,893,0,120,120,0,644.16667
14/03/2025 12:08,2024,2023,A,London Area Airports,STANSTED,NEWQUAY,36115,36115,0,27280,27280,0,32.38636
14/03/2025 12:08,2024,2023,A,London Area Airports,STANSTED,PRESTWICK,160,160,0,0,0,0,0
14/03/2025 12:08,2024,2023,B,Other Reporting Airports,ABERDEEN,BELFAST CITY (GEORGE BEST),18475,18475,0,20359,20359,0,-9.25389
14/03/2025 12:08,2024,2023,B,Other Reporting Airports,ABERDEEN,BELFAST INTERNATIONAL,33,33,0,189,189,0,-82.53968
14/03/2025 12:08,2024,2023,B,Other Reporting Airports,ABERDEEN,BIRMINGHAM,54215,54215,0,53421,53421,0,1.48631
14/03/2025 12:08,2024,2023,B,Other Reporting Airports,ABERDEEN,BRISTOL,14360,14360,0,16231,16231,0,-11.52732
14/03/2025 12:08,2024,2023,B,Other Reporting Airports,ABERDEEN,CARDIFF WALES,0,0,0,1,0,1,-100
14/03/2025 12:08,2024,2023,B,Other Reporting Airports,ABERDEEN,CITY OF DERRY (EGLINTON),0,0,0,27,27,0,-100
14/03/2025 12:08,2024,2023,B,Other Reporting Airports,ABERDEEN,DUNDEE,39,39,0,0,0,0,0
14/03/2025 12:08,2024,2023,B,Other Reporting Airports,ABERDEEN,EAST MIDLANDS INTERNATIONAL,27,0,27,0,0,0,0
14/03/2025 12:08,2024,2023,B,Other Reporting Airports,ABERDEEN,EDINBURGH,135,135,0,169,169,0,-20.11834
14/03/2025 12:08,2024,2023,B,Other Reporting Airports,ABERDEEN,GLASGOW,258,258,0,72,57,15,258.33333
14/03/2025 12:08,2024,2023,B,Other Reporting Airports,ABERDEEN,GUERNSEY,0,0,0,358,90,268,-100
14/03/2025 12:08,2024,2023,B,Other Reporting Airports,ABERDEEN,HUMBERSIDE,10510,10510,0,10737,10737,0,-2.11418
14/03/2025 12:08,2024,2023,B,Other Reporting Airports,ABERDEEN,INVERNESS,502,502,0,0,0,0,0
14/03/2025 12:08,2024,2023,B,Other Reporting Airports,ABERDEEN,KIRKWALL,38390,38281,109,43291,43273,18,-11.32106
14/03/2025 12:08,2024,2023,B,Other Reporting Airports,ABERDEEN,LIVERPOOL (JOHN LENNON),0,0,0,177,177,0,-100
14/03/2025 12:08,2024,2023,B,Other Reporting Airports,ABERDEEN,MANCHESTER,62211,62211,0,71549,71549,0,-13.0512
14/03/2025 12:08,2024,2023,B,Other Reporting Airports,ABERDEEN,NEWCASTLE,2926,2926,0,14397,14397,0,-79.67632
14/03/2025 12:08,2024,2023,B,Other Reporting Airports,ABERDEEN,NEWQUAY,15652,15604,48,12412,12412,0,26.10377
14/03/2025 12:08,2024,2023,B,Other Reporting Airports,ABERDEEN,NORWICH,29648,29648,0,32898,32898,0,-9.87902
14/03/2025 12:08,2024,2023,B,Other Reporting Airports,ABERDEEN,SOUTHAMPTON,2049,2049,0,6115,6115,0,-66.49223
14/03/2025 12:08,2024,2023,B,Other Reporting Airports,ABERDEEN,STORNOWAY,9,9,0,16,0,16,-43.75
14/03/2025 12:08,2024,2023,B,Other Reporting Airports,ABERDEEN,SUMBURGH,126594,64487,62107,100792,68443,32349,25.59925
14/03/2025 12:08,2024,2023,B,Other Reporting Airports,ABERDEEN,TEESSIDE INTERNATIONAL AIRPORT,9229,9229,0,14293,14231,62,-35.42993
14/03/2025 12:08,2024,2023,B,Other Reporting Airports,ABERDEEN,WICK JOHN O GROATS,9836,9836,0,10785,10785,0,-8.79926
14/03/2025 12:08,2024,2023,B,Other Reporting Airports,ALDERNEY,GUERNSEY,30835,30835,0,32228,32228,0,-4.32233
14/03/2025 12:08,2024,2023,B,Other Reporting Airports,ALDERNEY,JERSEY,28,28,0,104,104,0,-73.07692
14/03/2025 12:08,2024,2023,B,Other Reporting Airports,ALDERNEY,SOUTHAMPTON,16873,16873,0,17214,17214,0,-1.98095
14/03/2025 12:08,2024,2023,B,Other Reporting Airports,BARRA,GLASGOW,11057,11057,0,12836,12836,0,-13.85946
14/03/2025 12:08,2024,2023,B,Other Reporting Airports,BARRA,TIREE,0,0,0,13,13,0,-100
14/03/2025 12:08,2024,2023,B,Other Reporting Airports,BELFAST CITY (GEORGE BEST),BELFAST INTERNATIONAL,0,0,0,11,11,0,-100
14/03/2025 12:08,2024,2023,B,Other Reporting Airports,BELFAST CITY (GEORGE BEST),BIRMINGHAM,186834,186834,0,146122,146122,0,27.86165
14/03/2025 12:08,2024,2023,B,Other Reporting Airports,BELFAST CITY (GEORGE BEST),BRISTOL,49316,49316,0,43711,43711,0,12.82286
14/03/2025 12:08,2024,2023,B,Other Reporting Airports,BELFAST CITY (GEORGE BEST),BRIZE NORTON,0,0,0,12,0,12,-100
14/03/2025 12:08,2024,2023,B,Other Reporting Airports,BELFAST CITY (GEORGE BEST),CARDIFF WALES,40194,40127,67,35463,35463,0,13.34066
14/03/2025 12:08,2024,2023,B,Other Reporting Airports,BELFAST CITY (GEORGE BEST),DUNDEE,0,0,0,3038,3038,0,-100
14/03/2025 12:08,2024,2023,B,Other Reporting Airports,BELFAST CITY (GEORGE BEST),EAST MIDLANDS INTERNATIONAL,40799,40799,0,37161,37161,0,9.78983
14/03/2025 12:08,2024,2023,B,Other Reporting Airports,BELFAST CITY (GEORGE BEST),EDINBURGH,130129,130129,0,116994,116839,155,11.22707
14/03/2025 12:08,2024,2023,B,Other Reporting Airports,BELFAST CITY (GEORGE BEST),EXETER,29828,29828,0,30548,30548,0,-2.35695
14/03/2025 12:08,2024,2023,B,Other Reporting Airports,BELFAST CITY (GEORGE BEST),GLASGOW,112296,112296,0,103076,103076,0,8.94486
14/03/2025 12:08,2024,2023,B,Other Reporting Airports,BELFAST CITY (GEORGE BEST),INVERNESS,15174,15174,0,18114,18114,0,-16.23054
14/03/2025 12:08,2024,2023,B,Other Reporting Airports,BELFAST CITY (GEORGE BEST),ISLE OF MAN,2091,2091,0,8917,8917,0,-76.55041
14/03/2025 12:08,2024,2023,B,Other Reporting Airports,BELFAST CITY (GEORGE BEST),JERSEY,0,0,0,1417,1417,0,-100
14/03/2025 12:08,2024,2023,B,Other Reporting Airports,BELFAST CITY (GEORGE BEST),LEEDS BRADFORD,126242,126242,0,113405,113405,0,11.31961
14/03/2025 12:08,2024,2023,B,Other Reporting Airports,BELFAST CITY (GEORGE BEST),LIVERPOOL (JOHN LENNON),119275,119275,0,115405,115405,0,3.35341
14/03/2025 12:08,2024,2023,B,Other Reporting Airports,BELFAST CITY (GEORGE BEST),MANCHESTER,223515,223515,0,171514,171471,43,30.31881
14/03/2025 12:08,2024,2023,B,Other Reporting Airports,BELFAST CITY (GEORGE BEST),NEWCASTLE,29322,29322,0,24830,24830,0,18.09102
14/03/2025 12:08,2024,2023,B,Other Reporting Airports,BELFAST CITY (GEORGE BEST),NEWQUAY,7219,7219,0,13802,13802,0,-47.69599
14/03/2025 12:08,2024,2023,B,Other Reporting Airports,BELFAST CITY (GEORGE BEST),NORTHOLT,0,0,0,13,0,13,-100
14/03/2025 12:08,2024,2023,B,Other Reporting Airports,BELFAST CITY (GEORGE BEST),SOUTHAMPTON,93653,93653,0,79810,79810,0,17.34494
14/03/2025 12:08,2024,2023,B,Other Reporting Airports,BELFAST CITY (GEORGE BEST),TEESSIDE INTERNATIONAL AIRPORT,0,0,0,1365,1365,0,-100
14/03/2025 12:08,2024,2023,B,Other Reporting Airports,BELFAST INTERNATIONAL,BIRMINGHAM,359839,359428,411,350308,350016,292,2.72075
14/03/2025 12:08,2024,2023,B,Other Reporting Airports,BELFAST INTERNATIONAL,BRISTOL,267648,267648,0,272144,272144,0,-1.65207
14/03/2025 12:08,2024,2023,B,Other Reporting Airports,BELFAST INTERNATIONAL,CARDIFF WALES,358,0,358,11770,11581,189,-96.95837
14/03/2025 12:08,2024,2023,B,Other Reporting Airports,BELFAST INTERNATIONAL,CITY OF DERRY (EGLINTON),0,0,0,17,0,17,-100
14/03/2025 12:08,2024,2023,B,Other Reporting Airports,BELFAST INTERNATIONAL,EAST MIDLANDS INTERNATIONAL,48860,48804,56,40648,40607,41,20.20272
14/03/2025 12:08,2024,2023,B,Other Reporting Airports,BELFAST INTERNATIONAL,EDINBURGH,519103,519103,0,433876,433591,285,19.64317
14/03/2025 12:08,2024,2023,B,Other Reporting Airports,BELFAST INTERNATIONAL,GLASGOW,309838,309788,50,310049,309780,269,-0.06805
14/03/2025 12:08,2024,2023,B,Other Reporting Airports,BELFAST INTERNATIONAL,ISLE OF MAN,18328,18328,0,20318,20318,0,-9.79427
14/03/2025 12:08,2024,2023,B,Other Reporting Airports,BELFAST INTERNATIONAL,JERSEY,19149,19149,0,18426,18426,0,3.9238
14/03/2025 12:08,2024,2023,B,Other Reporting Airports,BELFAST INTERNATIONAL,LEEDS BRADFORD,55692,55492,200,41736,41567,169,33.43876
14/03/2025 12:08,2024,2023,B,Other Reporting Airports,BELFAST INTERNATIONAL,LIVERPOOL (JOHN LENNON),398909,398909,0,394000,394000,0,1.24594
14/03/2025 12:08,2024,2023,B,Other Reporting Airports,BELFAST INTERNATIONAL,MANCHESTER,543715,543524,191,505205,504966,239,7.62265
14/03/2025 12:08,2024,2023,B,Other Reporting Airports,BELFAST INTERNATIONAL,NEWCASTLE,234096,234096,0,205878,205878,0,13.70618
14/03/2025 12:08,2024,2023,B,Other Reporting Airports,BELFAST INTERNATIONAL,PRESTWICK,180,0,180,0,0,0,0
14/03/2025 12:08,2024,2023,B,Other Reporting Airports,BELFAST INTERNATIONAL,SOUTHAMPTON,48233,48233,0,5332,5221,111,804.5949
14/03/2025 12:08,2024,2023,B,Other Reporting Airports,BENBECULA,GLASGOW,24260,24260,0,25561,25561,0,-5.08979
14/03/2025 12:08,2024,2023,B,Other Reporting Airports,BENBECULA,INVERNESS,743,743,0,3307,3307,0,-77.53251
14/03/2025 12:08,2024,2023,B,Other Reporting Airports,BENBECULA,SOUTHAMPTON,0,0,0,12,0,12,-100
14/03/2025 12:08,2024,2023,B,Other Reporting Airports,BENBECULA,STORNOWAY,1468,1468,0,1792,1792,0,-18.08036
14/03/2025 12:08,2024,2023,B,Other Reporting Airports,BIGGIN HILL,BIRMINGHAM,0,0,0,52,0,52,-100
14/03/2025 12:08,2024,2023,B,Other Reporting Airports,BIGGIN HILL,CARDIFF WALES,0,0,0,47,0,47,-100
14/03/2025 12:08,2024,2023,B,Other Reporting Airports,BIGGIN HILL,DUNDEE,0,0,0,3,0,3,-100
14/03/2025 12:08,2024,2023,B,Other Reporting Airports,BIGGIN HILL,EAST MIDLANDS INTERNATIONAL,92,0,92,87,0,87,5.74713
14/03/2025 12:08,2024,2023,B,Other Reporting Airports,BIGGIN HILL,EDINBURGH,8,0,8,0,0,0,0
14/03/2025 12:08,2024,2023,B,Other Reporting Airports,BIGGIN HILL,EXETER,0,0,0,81,0,81,-100
14/03/2025 12:08,2024,2023,B,Other Reporting Airports,BIGGIN HILL,FARNBOROUGH,0,0,0,4,0,4,-100
14/03/2025 12:08,2024,2023,B,Other Reporting Airports,BIGGIN HILL,GUERNSEY,24,0,24,0,0,0,0
14/03/2025 12:08,2024,2023,B,Other Reporting Airports,BIGGIN HILL,HAWARDEN,61,0,61,0,0,0,0
14/03/2025 12:08,2024,2023,B,Other Reporting Airports,BIGGIN HILL,HUMBERSIDE,0,0,0,43,0,43,-100
14/03/2025 12:08,2024,2023,B,Other Reporting Airports,BIGGIN HILL,LEEDS BRADFORD,26,0,26,0,0,0,0
14/03/2025 12:08,2024,2023,B,Other Reporting Airports,BIGGIN HILL,LIVERPOOL (JOHN LENNON),0,0,0,325,0,325,-100
14/03/2025 12:08,2024,2023,B,Other Reporting Airports,BIGGIN HILL,MANCHESTER,255,0,255,366,0,366,-30.32787
14/03/2025 12:08,2024,2023,B,Other Reporting Airports,BIGGIN HILL,NEWCASTLE,154,0,154,315,0,315,-51.11111
14/03/2025 12:08,2024,2023,B,Other Reporting Airports,BIRMINGHAM,BOURNEMOUTH,43,0,43,326,138,188,-86.80982
14/03/2025 12:08,2024,2023,B,Other Reporting Airports,BIRMINGHAM,BRISTOL,318,318,0,0,0,0,0
14/03/2025 12:08,2024,2023,B,Other Reporting Airports,BIRMINGHAM,CITY OF DERRY (EGLINTON),19350,19350,0,323,0,323,5890.71207
14/03/2025 12:08,2024,2023,B,Other Reporting Airports,BIRMINGHAM,EAST MIDLANDS INTERNATIONAL,118,118,0,0,0,0,0
14/03/2025 12:08,2024,2023,B,Other Reporting Airports,BIRMINGHAM,EDINBURGH,273132,273132,0,214327,213961,366,27.43705
14/03/2025 12:08,2024,2023,B,Other Reporting Airports,BIRMINGHAM,EXETER,132,132,0,32,32,0,312.5
14/03/2025 12:08,2024,2023,B,Other Reporting Airports,BIRMINGHAM,GLASGOW,163243,163243,0,163724,163724,0,-0.29379
14/03/2025 12:08,2024,2023,B,Other Reporting Airports,BIRMINGHAM,GUERNSEY,33262,33212,50,32079,32079,0,3.68777
14/03/2025 12:08,2024,2023,B,Other Reporting Airports,BIRMINGHAM,INVERNESS,697,697,0,17715,17715,0,-96.06548
14/03/2025 12:08,2024,2023,B,Other Reporting Airports,BIRMINGHAM,ISLE OF MAN,18286,18286,0,20077,20077,0,-8.92066
14/03/2025 12:08,2024,2023,B,Other Reporting Airports,BIRMINGHAM,JERSEY,37684,37684,0,32998,32998,0,14.20086
14/03/2025 12:08,2024,2023,B,Other Reporting Airports,BIRMINGHAM,LIVERPOOL (JOHN LENNON),0,0,0,87,87,0,-100
14/03/2025 12:08,2024,2023,B,Other Reporting Airports,BIRMINGHAM,MANCHESTER,186,186,0,268,268,0,-30.59701
14/03/2025 12:08,2024,2023,B,Other Reporting Airports,BIRMINGHAM,NEWCASTLE,0,0,0,448,274,174,-100
14/03/2025 12:08,2024,2023,B,Other Reporting Airports,BIRMINGHAM,SOUTHAMPTON,0,0,0,36,0,36,-100
14/03/2025 12:08,2024,2023,B,Other Reporting Airports,BIRMINGHAM,TEESSIDE INTERNATIONAL AIRPORT,95,0,95,0,0,0,0
14/03/2025 12:08,2024,2023,B,Other Reporting Airports,BLACKPOOL,BOURNEMOUTH,0,0,0,46,0,46,-100
14/03/2025 12:08,2024,2023,B,Other Reporting Airports,BLACKPOOL,CARDIFF WALES,29,0,29,91,0,91,-68.13187
14/03/2025 12:08,2024,2023,B,Other Reporting Airports,BLACKPOOL,EXETER,75,0,75,0,0,0,0
14/03/2025 12:08,2024,2023,B,Other Reporting Airports,BLACKPOOL,NORWICH,151,81,70,0,0,0,0
14/03/2025 12:08,2024,2023,B,Other Reporting Airports,BOURNEMOUTH,BRISTOL,185,185,0,0,0,0,0
14/03/2025 12:08,2024,2023,B,Other Reporting Airports,BOURNEMOUTH,CARDIFF WALES,0,0,0,47,0,47,-100
14/03/2025 12:08,2024,2023,B,Other Reporting Airports,BOURNEMOUTH,EAST MIDLANDS INTERNATIONAL,166,0,166,343,0,343,-51.6035
14/03/2025 12:08,2024,2023,B,Other Reporting Airports,BOURNEMOUTH,EDINBURGH,50777,50777,0,48192,48192,0,5.36396
14/03/2025 12:08,2024,2023,B,Other Reporting Airports,BOURNEMOUTH,EXETER,144,144,0,0,0,0,0
14/03/2025 12:08,2024,2023,B,Other Reporting Airports,BOURNEMOUTH,JERSEY,158,158,0,0,0,0,0
14/03/2025 12:08,2024,2023,B,Other Reporting Airports,BOURNEMOUTH,LEEDS BRADFORD,0,0,0,101,0,101,-100
14/03/2025 12:08,2024,2023,B,Other Reporting Airports,BOURNEMOUTH,LIVERPOOL (JOHN LENNON),193,0,193,267,0,267,-27.71536
14/03/2025 12:08,2024,2023,B,Other Reporting Airports,BOURNEMOUTH,MANCHESTER,355,52,303,340,0,340,4.41176
14/03/2025 12:08,2024,2023,B,Other Reporting Airports,BOURNEMOUTH,NEWCASTLE,141,0,141,0,0,0,0
14/03/2025 12:08,2024,2023,B,Other Reporting Airports,BRISTOL,CARDIFF WALES,713,713,0,538,538,0,32.52788
14/03/2025 12:08,2024,2023,B,Other Reporting Airports,BRISTOL,EAST MIDLANDS INTERNATIONAL,135,135,0,18,18,0,650
14/03/2025 12:08,2024,2023,B,Other Reporting Airports,BRISTOL,EDINBURGH,451404,451404,0,422825,422825,0,6.75906
14/03/2025 12:08,2024,2023,B,Other Reporting Airports,BRISTOL,EXETER,1758,1758,0,822,822,0,113.86861
14/03/2025 12:08,2024,2023,B,Other Reporting Airports,BRISTOL,GLASGOW,292113,292113,0,295945,295903,42,-1.29484
14/03/2025 12:08,2024,2023,B,Other Reporting Airports,BRISTOL,GUERNSEY,25818,25818,0,25750,25750,0,0.26408
14/03/2025 12:08,2024,2023,B,Other Reporting Airports,BRISTOL,HAWARDEN,72,0,72,0,0,0,0
14/03/2025 12:08,2024,2023,B,Other Reporting Airports,BRISTOL,HUMBERSIDE,82,0,82,0,0,0,0
14/03/2025 12:08,2024,2023,B,Other Reporting Airports,BRISTOL,INVERNESS,92198,92198,0,83762,83762,0,10.07139
14/03/2025 12:08,2024,2023,B,Other Reporting Airports,BRISTOL,ISLE OF MAN,21040,21040,0,27238,27238,0,-22.75497
14/03/2025 12:08,2024,2023,B,Other Reporting Airports,BRISTOL,JERSEY,31140,31140,0,35908,35908,0,-13.27838
14/03/2025 12:08,2024,2023,B,Other Reporting Airports,BRISTOL,LEEDS BRADFORD,0,0,0,10,10,0,-100
14/03/2025 12:08,2024,2023,B,Other Reporting Airports,BRISTOL,LIVERPOOL (JOHN LENNON),250,250,0,0,0,0,0
14/03/2025 12:08,2024,2023,B,Other Reporting Airports,BRISTOL,MANCHESTER,99,0,99,246,212,34,-59.7561
14/03/2025 12:08,2024,2023,B,Other Reporting Airports,BRISTOL,NEWCASTLE,147923,147879,44,143216,143216,0,3.28664
14/03/2025 12:08,2024,2023,B,Other Reporting Airports,BRISTOL,NEWQUAY,0,0,0,93,93,0,-100
14/03/2025 12:08,2024,2023,B,Other Reporting Airports,BRISTOL,NORWICH,0,0,0,114,0,114,-100
14/03/2025 12:08,2024,2023,B,Other Reporting Airports,BRISTOL,SOUTHAMPTON,51,51,0,0,0,0,0
14/03/2025 12:08,2024,2023,B,Other Reporting Airports,BRISTOL,TEESSIDE INTERNATIONAL AIRPORT,46,46,0,72,35,37,-36.11111
14/03/2025 12:08,2024,2023,B,Other Reporting Airports,BRIZE NORTON,SOUTHAMPTON,130,0,130,0,0,0,0
14/03/2025 12:08,2024,2023,B,Other Reporting Airports,CAMBRIDGE,CARDIFF WALES,78,0,78,0,0,0,0
14/03/2025 12:08,2024,2023,B,Other Reporting Airports,CAMBRIDGE,MANCHESTER,45,45,0,462,462,0,-90.25974
14/03/2025 12:08,2024,2023,B,Other Reporting Airports,CAMBRIDGE,TEESSIDE INTERNATIONAL AIRPORT,0,0,0,39,0,39,-100
14/03/2025 12:08,2024,2023,B,Other Reporting Airports,CAMPBELTOWN,GLASGOW,6893,6893,0,7004,7004,0,-1.58481
14/03/2025 12:08,2024,2023,B,Other Reporting Airports,CAMPBELTOWN,ISLAY,0,0,0,2,2,0,-100
14/03/2025 12:08,2024,2023,B,Other Reporting Airports,CAMPBELTOWN,TIREE,48,48,0,66,66,0,-27.27273
14/03/2025 12:08,2024,2023,B,Other Reporting Airports,CARDIFF WALES,EAST MIDLANDS INTERNATIONAL,73,0,73,65,0,65,12.30769
14/03/2025 12:08,2024,2023,B,Other Reporting Airports,CARDIFF WALES,EDINBURGH,16189,15933,256,20320,19848,472,-20.32972
14/03/2025 12:08,2024,2023,B,Other Reporting Airports,CARDIFF WALES,EXETER,0,0,0,43,43,0,-100
14/03/2025 12:08,2024,2023,B,Other Reporting Airports,CARDIFF WALES,GLASGOW,35,0,35,175,0,175,-80
14/03/2025 12:08,2024,2023,B,Other Reporting Airports,CARDIFF WALES,HUMBERSIDE,230,0,230,108,0,108,112.96296
14/03/2025 12:08,2024,2023,B,Other Reporting Airports,CARDIFF WALES,LEEDS BRADFORD,193,0,193,259,0,259,-25.48263
14/03/2025 12:08,2024,2023,B,Other Reporting Airports,CARDIFF WALES,LIVERPOOL (JOHN LENNON),40,0,40,0,0,0,0
14/03/2025 12:08,2024,2023,B,Other Reporting Airports,CARDIFF WALES,MANCHESTER,70,0,70,230,0,230,-69.56522
14/03/2025 12:08,2024,2023,B,Other Reporting Airports,CARDIFF WALES,NEWCASTLE,125,0,125,118,0,118,5.9322
14/03/2025 12:08,2024,2023,B,Other Reporting Airports,CARDIFF WALES,NEWQUAY,0,0,0,4,4,0,-100
14/03/2025 12:08,2024,2023,B,Other Reporting Airports,CARDIFF WALES,NORWICH,152,0,152,148,0,148,2.7027
14/03/2025 12:08,2024,2023,B,Other Reporting Airports,CARDIFF WALES,TEESSIDE INTERNATIONAL AIRPORT,171,0,171,357,0,357,-52.10084
14/03/2025 12:08,2024,2023,B,Other Reporting Airports,CITY OF DERRY (EGLINTON),EDINBURGH,5266,5266,0,245,79,166,2049.38776
14/03/2025 12:08,2024,2023,B,Other Reporting Airports,CITY OF DERRY (EGLINTON),GLASGOW,12663,12663,0,15855,15534,321,-20.13245
14/03/2025 12:08,2024,2023,B,Other Reporting Airports,CITY OF DERRY (EGLINTON),LIVERPOOL (JOHN LENNON),4603,4603,0,10703,10703,0,-56.99337
14/03/2025 12:08,2024,2023,B,Other Reporting Airports,CITY OF DERRY (EGLINTON),MANCHESTER,58397,58397,0,56967,56967,0,2.51023
14/03/2025 12:08,2024,2023,B,Other Reporting Airports,COLL,TIREE,196,196,0,194,194,0,1.03093
14/03/2025 12:08,2024,2023,B,Other Reporting Airports,COLONSAY,ISLAY,0,0,0,111,111,0,-100
14/03/2025 12:08,2024,2023,B,Other Reporting Airports,COLONSAY,TIREE,72,72,0,17,17,0,323.52941
14/03/2025 12:08,2024,2023,B,Other Reporting Airports,COMPTON ABASS,GUERNSEY,0,0,0,4,4,0,-100
14/03/2025 12:08,2024,2023,B,Other Reporting Airports,DUNDEE,KIRKWALL,513,513,0,450,450,0,14
14/03/2025 12:08,2024,2023,B,Other Reporting Airports,DUNDEE,SUMBURGH,924,924,0,1743,1743,0,-46.98795
14/03/2025 12:08,2024,2023,B,Other Reporting Airports,DUNKESWELL,EXETER,56,56,0,0,0,0,0
14/03/2025 12:08,2024,2023,B,Other Reporting Airports,EAST MIDLANDS INTERNATIONAL,EDINBURGH,0,0,0,84,0,84,-100
14/03/2025 12:08,2024,2023,B,Other Reporting Airports,EAST MIDLANDS INTERNATIONAL,EXETER,0,0,0,31,31,0,-100
14/03/2025 12:08,2024,2023,B,Other Reporting Airports,EAST MIDLANDS INTERNATIONAL,GLASGOW,0,0,0,40,0,40,-100
14/03/2025 12:08,2024,2023,B,Other Reporting Airports,EAST MIDLANDS INTERNATIONAL,GUERNSEY,7191,7191,0,11218,11218,0,-35.89766
14/03/2025 12:08,2024,2023,B,Other Reporting Airports,EAST MIDLANDS INTERNATIONAL,HUMBERSIDE,0,0,0,537,537,0,-100
14/03/2025 12:08,2024,2023,B,Other Reporting Airports,EAST MIDLANDS INTERNATIONAL,JERSEY,24167,24167,0,26303,26303,0,-8.12075
14/03/2025 12:08,2024,2023,B,Other Reporting Airports,EAST MIDLANDS INTERNATIONAL,LEEDS BRADFORD,161,161,0,0,0,0,0
14/03/2025 12:08,2024,2023,B,Other Reporting Airports,EAST MIDLANDS INTERNATIONAL,LIVERPOOL (JOHN LENNON),78,0,78,0,0,0,0
14/03/2025 12:08,2024,2023,B,Other Reporting Airports,EAST MIDLANDS INTERNATIONAL,MANCHESTER,0,0,0,787,787,0,-100
14/03/2025 12:08,2024,2023,B,Other Reporting Airports,EAST MIDLANDS INTERNATIONAL,NEWCASTLE,0,0,0,98,0,98,-100
14/03/2025 12:08,2024,2023,B,Other Reporting Airports,EAST MIDLANDS INTERNATIONAL,NEWQUAY,0,0,0,2828,2828,0,-100
14/03/2025 12:08,2024,2023,B,Other Reporting Airports,EAST MIDLANDS INTERNATIONAL,SOUTHAMPTON,39,18,21,34,0,34,14.70588
14/03/2025 12:08,2024,2023,B,Other Reporting Airports,EDAY,KIRKWALL,696,696,0,523,523,0,33.07839
14/03/2025 12:08,2024,2023,B,Other Reporting Airports,EDINBURGH,EXETER,27405,27405,0,24003,24003,0,14.17323
14/03/2025 12:08,2024,2023,B,Other Reporting Airports,EDINBURGH,GLASGOW,702,702,0,1195,1195,0,-41.25523
14/03/2025 12:08,2024,2023,B,Other Reporting Airports,EDINBURGH,GUERNSEY,4425,4425,0,877,877,0,404.561
14/03/2025 12:08,2024,2023,B,Other Reporting Airports,EDINBURGH,INVERNESS,234,234,0,495,116,379,-52.72727
14/03/2025 12:08,2024,2023,B,Other Reporting Airports,EDINBURGH,ISLE OF MAN,9412,9412,0,11367,11367,0,-17.19891
14/03/2025 12:08,2024,2023,B,Other Reporting Airports,EDINBURGH,JERSEY,17787,17733,54,17932,17932,0,-0.80861
14/03/2025 12:08,2024,2023,B,Other Reporting Airports,EDINBURGH,KIRKWALL,36058,36058,0,38745,38745,0,-6.93509
14/03/2025 12:08,2024,2023,B,Other Reporting Airports,EDINBURGH,LEEDS BRADFORD,84,0,84,296,296,0,-71.62162
14/03/2025 12:08,2024,2023,B,Other Reporting Airports,EDINBURGH,LIVERPOOL (JOHN LENNON),0,0,0,169,138,31,-100
14/03/2025 12:08,2024,2023,B,Other Reporting Airports,EDINBURGH,MANCHESTER,280,280,0,670,670,0,-58.20896
14/03/2025 12:08,2024,2023,B,Other Reporting Airports,EDINBURGH,NEWCASTLE,136,136,0,498,498,0,-72.69076
14/03/2025 12:08,2024,2023,B,Other Reporting Airports,EDINBURGH,NEWQUAY,20932,20932,0,20867,20867,0,0.3115
14/03/2025 12:08,2024,2023,B,Other Reporting Airports,EDINBURGH,PRESTWICK,193,193,0,162,162,0,19.1358
14/03/2025 12:08,2024,2023,B,Other Reporting Airports,EDINBURGH,SOUTHAMPTON,82565,82565,0,89058,89058,0,-7.29075
14/03/2025 12:08,2024,2023,B,Other Reporting Airports,EDINBURGH,STORNOWAY,15795,15795,0,18513,18513,0,-14.68158
14/03/2025 12:08,2024,2023,B,Other Reporting Airports,EDINBURGH,SUMBURGH,38059,38059,0,37191,37031,160,2.3339
14/03/2025 12:08,2024,2023,B,Other Reporting Airports,EXETER,GLASGOW,1494,1494,0,12773,12773,0,-88.30345
14/03/2025 12:08,2024,2023,B,Other Reporting Airports,EXETER,GLOUCESTERSHIRE,67,67,0,0,0,0,0
14/03/2025 12:08,2024,2023,B,Other Reporting Airports,EXETER,GUERNSEY,16076,16076,0,17012,17012,0,-5.502
14/03/2025 12:08,2024,2023,B,Other Reporting Airports,EXETER,HUMBERSIDE,174,42,132,0,0,0,0
14/03/2025 12:08,2024,2023,B,Other Reporting Airports,EXETER,ISLE OF MAN,10,10,0,0,0,0,0
14/03/2025 12:08,2024,2023,B,Other Reporting Airports,EXETER,ISLES OF SCILLY (ST.MARYS),6726,6726,0,8063,8063,0,-16.58192
14/03/2025 12:08,2024,2023,B,Other Reporting Airports,EXETER,JERSEY,27477,27477,0,28204,28204,0,-2.57765
14/03/2025 12:08,2024,2023,B,Other Reporting Airports,EXETER,LANDS END (ST JUST),50,50,0,99,99,0,-49.49495
14/03/2025 12:08,2024,2023,B,Other Reporting Airports,EXETER,LEEDS BRADFORD,111,36,75,0,0,0,0
14/03/2025 12:08,2024,2023,B,Other Reporting Airports,EXETER,MANCHESTER,314,207,107,133,99,34,136.09023
14/03/2025 12:08,2024,2023,B,Other Reporting Airports,EXETER,NEWCASTLE,13887,13845,42,13597,13553,44,2.13282
14/03/2025 12:08,2024,2023,B,Other Reporting Airports,EXETER,NEWQUAY,0,0,0,12,12,0,-100
14/03/2025 12:08,2024,2023,B,Other Reporting Airports,EXETER,NORWICH,106,0,106,108,36,72,-1.85185
14/03/2025 12:08,2024,2023,B,Other Reporting Airports,EXETER,REDHILL,182,0,182,0,0,0,0
14/03/2025 12:08,2024,2023,B,Other Reporting Airports,EXETER,SOUTHAMPTON,78,78,0,0,0,0,0
14/03/2025 12:08,2024,2023,B,Other Reporting Airports,EXETER,TEESSIDE INTERNATIONAL AIRPORT,219,0,219,85,85,0,157.64706
14/03/2025 12:08,2024,2023,B,Other Reporting Airports,EXETER,WHALSAY,9,9,0,0,0,0,0
14/03/2025 12:08,2024,2023,B,Other Reporting Airports,FAIR ISLE,LERWICK (TINGWALL),1905,1905,0,1910,1910,0,-0.26178
14/03/2025 12:08,2024,2023,B,Other Reporting Airports,FARNBOROUGH,HUMBERSIDE,0,0,0,100,0,100,-100
14/03/2025 12:08,2024,2023,B,Other Reporting Airports,FARNBOROUGH,LIVERPOOL (JOHN LENNON),160,0,160,318,0,318,-49.68553
14/03/2025 12:08,2024,2023,B,Other Reporting Airports,FARNBOROUGH,TEESSIDE INTERNATIONAL AIRPORT,41,0,41,40,0,40,2.5
14/03/2025 12:08,2024,2023,B,Other Reporting Airports,FARNBOROUGH,WICK JOHN O GROATS,0,0,0,34,0,34,-100
14/03/2025 12:08,2024,2023,B,Other Reporting Airports,FOULA,LERWICK (TINGWALL),935,935,0,1003,1003,0,-6.77966
14/03/2025 12:08,2024,2023,B,Other Reporting Airports,GLASGOW,GUERNSEY,0,0,0,6,0,6,-100
14/03/2025 12:08,2024,2023,B,Other Reporting Airports,GLASGOW,INVERNESS,59,59,0,144,144,0,-59.02778
14/03/2025 12:08,2024,2023,B,Other Reporting Airports,GLASGOW,ISLAY,30758,30758,0,28990,28990,0,6.09865
14/03/2025 12:08,2024,2023,B,Other Reporting Airports,GLASGOW,JERSEY,53536,53536,0,51034,51034,0,4.90261
14/03/2025 12:08,2024,2023,B,Other Reporting Airports,GLASGOW,KIRKWALL,20910,20910,0,17534,17534,0,19.25402
14/03/2025 12:08,2024,2023,B,Other Reporting Airports,GLASGOW,LEEDS BRADFORD,140,0,140,329,329,0,-57.44681
14/03/2025 12:08,2024,2023,B,Other Reporting Airports,GLASGOW,MANCHESTER,580,326,254,28,28,0,1971.42857
14/03/2025 12:08,2024,2023,B,Other Reporting Airports,GLASGOW,NEWCASTLE,111,111,0,373,15,358,-70.24129
14/03/2025 12:08,2024,2023,B,Other Reporting Airports,GLASGOW,NEWQUAY,5359,5359,0,5045,5045,0,6.22398
14/03/2025 12:08,2024,2023,B,Other Reporting Airports,GLASGOW,NORWICH,0,0,0,72,20,52,-100
14/03/2025 12:08,2024,2023,B,Other Reporting Airports,GLASGOW,SOUTHAMPTON,96715,96715,0,87044,87044,0,11.11047
14/03/2025 12:08,2024,2023,B,Other Reporting Airports,GLASGOW,STORNOWAY,67399,67399,0,66894,66894,0,0.75493
14/03/2025 12:08,2024,2023,B,Other Reporting Airports,GLASGOW,SUMBURGH,22750,22750,0,20080,20080,0,13.29681
14/03/2025 12:08,2024,2023,B,Other Reporting Airports,GLASGOW,TIREE,9525,9525,0,11319,11319,0,-15.84946
14/03/2025 12:08,2024,2023,B,Other Reporting Airports,GUERNSEY,HUMBERSIDE,0,0,0,100,0,100,-100
14/03/2025 12:08,2024,2023,B,Other Reporting Airports,GUERNSEY,ISLE OF MAN,0,0,0,478,347,131,-100
14/03/2025 12:08,2024,2023,B,Other Reporting Airports,GUERNSEY,JERSEY,64377,64368,9,76798,76472,326,-16.1736
14/03/2025 12:08,2024,2023,B,Other Reporting Airports,GUERNSEY,LEEDS BRADFORD,3817,3817,0,4104,4104,0,-6.99318
14/03/2025 12:08,2024,2023,B,Other Reporting Airports,GUERNSEY,LIVERPOOL (JOHN LENNON),4334,4334,0,0,0,0,0
14/03/2025 12:08,2024,2023,B,Other Reporting Airports,GUERNSEY,MANCHESTER,61198,61198,0,63827,63827,0,-4.11895
14/03/2025 12:08,2024,2023,B,Other Reporting Airports,GUERNSEY,NEWQUAY,371,371,0,0,0,0,0
14/03/2025 12:08,2024,2023,B,Other Reporting Airports,GUERNSEY,SOUTHAMPTON,93906,93906,0,97466,97421,45,-3.65256
14/03/2025 12:08,2024,2023,B,Other Reporting Airports,GUERNSEY,STORNOWAY,0,0,0,202,0,202,-100
14/03/2025 12:08,2024,2023,B,Other Reporting Airports,HUMBERSIDE,ISLE OF MAN,62,0,62,0,0,0,0
14/03/2025 12:08,2024,2023,B,Other Reporting Airports,HUMBERSIDE,JERSEY,1986,1183,803,1989,0,1989,-0.15083
14/03/2025 12:08,2024,2023,B,Other Reporting Airports,HUMBERSIDE,LEEDS BRADFORD,276,97,179,79,79,0,249.36709
14/03/2025 12:08,2024,2023,B,Other Reporting Airports,HUMBERSIDE,NEWCASTLE,88,0,88,37,37,0,137.83784
14/03/2025 12:08,2024,2023,B,Other Reporting Airports,HUMBERSIDE,NEWQUAY,1306,1306,0,1332,1332,0,-1.95195
14/03/2025 12:08,2024,2023,B,Other Reporting Airports,HUMBERSIDE,NORWICH,81,0,81,138,25,113,-41.30435
14/03/2025 12:08,2024,2023,B,Other Reporting Airports,HUMBERSIDE,SOUTHAMPTON,74,0,74,0,0,0,0
14/03/2025 12:08,2024,2023,B,Other Reporting Airports,HUMBERSIDE,TEESSIDE INTERNATIONAL AIRPORT,309,309,0,10,0,10,2990
14/03/2025 12:08,2024,2023,B,Other Reporting Airports,HUMBERSIDE,WARTON,0,0,0,20,0,20,-100
14/03/2025 12:08,2024,2023,B,Other Reporting Airports,INVERNESS,KIRKWALL,600,600,0,1299,1299,0,-53.81062
14/03/2025 12:08,2024,2023,B,Other Reporting Airports,INVERNESS,MANCHESTER,28079,28079,0,27048,27048,0,3.81174
14/03/2025 12:08,2024,2023,B,Other Reporting Airports,INVERNESS,NEWQUAY,0,0,0,76,76,0,-100
14/03/2025 12:08,2024,2023,B,Other Reporting Airports,INVERNESS,NORTHOLT,2,0,2,0,0,0,0
14/03/2025 12:08,2024,2023,B,Other Reporting Airports,INVERNESS,OXFORD (KIDLINGTON),13,0,13,0,0,0,0
14/03/2025 12:08,2024,2023,B,Other Reporting Airports,INVERNESS,STORNOWAY,15703,15703,0,12180,12180,0,28.92447
14/03/2025 12:08,2024,2023,B,Other Reporting Airports,INVERNESS,SUMBURGH,15207,15207,0,12538,12213,325,21.28729
14/03/2025 12:08,2024,2023,B,Other Reporting Airports,INVERNESS,TIREE,0,0,0,4,4,0,-100
14/03/2025 12:08,2024,2023,B,Other Reporting Airports,ISLAY,OBAN (NORTH CONNEL),0,0,0,54,54,0,-100
14/03/2025 12:08,2024,2023,B,Other Reporting Airports,ISLE OF MAN,JERSEY,802,802,0,500,500,0,60.4
14/03/2025 12:08,2024,2023,B,Other Reporting Airports,ISLE OF MAN,LIVERPOOL (JOHN LENNON),178672,178672,0,171818,171818,0,3.9891
14/03/2025 12:08,2024,2023,B,Other Reporting Airports,ISLE OF MAN,MANCHESTER,121233,121233,0,119845,119845,0,1.15816
14/03/2025 12:08,2024,2023,B,Other Reporting Airports,ISLE OF MAN,NEWCASTLE,93,0,93,0,0,0,0
14/03/2025 12:08,2024,2023,B,Other Reporting Airports,ISLE OF MAN,NEWQUAY,1335,1335,0,1716,1716,0,-22.2028
14/03/2025 12:08,2024,2023,B,Other Reporting Airports,ISLE OF MAN,NORTHOLT,15,0,15,0,0,0,0
14/03/2025 12:08,2024,2023,B,Other Reporting Airports,ISLE OF MAN,SOUTHAMPTON,6,6,0,0,0,0,0
14/03/2025 12:08,2024,2023,B,Other Reporting Airports,ISLE OF MAN,TEESSIDE INTERNATIONAL AIRPORT,0,0,0,184,0,184,-100
14/03/2025 12:08,2024,2023,B,Other Reporting Airports,ISLES OF SCILLY (ST.MARYS),NEWQUAY,1345,1345,0,1530,1530,0,-12.0915
14/03/2025 12:08,2024,2023,B,Other Reporting Airports,JERSEY,LEEDS BRADFORD,13284,13284,0,13248,13248,0,0.27174
14/03/2025 12:08,2024,2023,B,Other Reporting Airports,JERSEY,LIVERPOOL (JOHN LENNON),118835,118835,0,118671,118671,0,0.1382
14/03/2025 12:08,2024,2023,B,Other Reporting Airports,JERSEY,MANCHESTER,91717,91717,0,87909,87909,0,4.33175
14/03/2025 12:08,2024,2023,B,Other Reporting Airports,JERSEY,NEWCASTLE,5216,5216,0,5501,5436,65,-5.18088
14/03/2025 12:08,2024,2023,B,Other Reporting Airports,JERSEY,NEWQUAY,140,0,140,0,0,0,0
14/03/2025 12:08,2024,2023,B,Other Reporting Airports,JERSEY,NORWICH,3658,3658,0,3939,3939,0,-7.13379
14/03/2025 12:08,2024,2023,B,Other Reporting Airports,JERSEY,SOUTHAMPTON,89523,89523,0,99895,99895,0,-10.3829
14/03/2025 12:08,2024,2023,B,Other Reporting Airports,JERSEY,TEESSIDE INTERNATIONAL AIRPORT,2202,2202,0,2350,2350,0,-6.29787
14/03/2025 12:08,2024,2023,B,Other Reporting Airports,KIRKWALL,NORTH RONALDSAY,6714,6714,0,5903,5903,0,13.73878
14/03/2025 12:08,2024,2023,B,Other Reporting Airports,KIRKWALL,PAPA WESTRAY,4726,4726,0,4691,4691,0,0.74611
14/03/2025 12:08,2024,2023,B,Other Reporting Airports,KIRKWALL,PRESTWICK,0,0,0,7,0,7,-100
14/03/2025 12:08,2024,2023,B,Other Reporting Airports,KIRKWALL,SANDAY,3025,3025,0,3211,3211,0,-5.79259
14/03/2025 12:08,2024,2023,B,Other Reporting Airports,KIRKWALL,STRONSAY,3001,3001,0,3033,3033,0,-1.05506
14/03/2025 12:08,2024,2023,B,Other Reporting Airports,KIRKWALL,SUMBURGH,8193,8193,0,6171,6171,0,32.76616
14/03/2025 12:08,2024,2023,B,Other Reporting Airports,KIRKWALL,WESTRAY,3358,3358,0,3368,3368,0,-0.29691
14/03/2025 12:08,2024,2023,B,Other Reporting Airports,LANDS END (ST JUST),NEWQUAY,21,21,0,52,52,0,-59.61538
14/03/2025 12:08,2024,2023,B,Other Reporting Airports,LEEDS BRADFORD,LIVERPOOL (JOHN LENNON),269,269,0,34,34,0,691.17647
14/03/2025 12:08,2024,2023,B,Other Reporting Airports,LEEDS BRADFORD,MANCHESTER,364,364,0,479,479,0,-24.00835
14/03/2025 12:08,2024,2023,B,Other Reporting Airports,LEEDS BRADFORD,NEWQUAY,0,0,0,33,0,33,-100
14/03/2025 12:08,2024,2023,B,Other Reporting Airports,LEEDS BRADFORD,NORWICH,0,0,0,68,0,68,-100
14/03/2025 12:08,2024,2023,B,Other Reporting Airports,LIVERPOOL (JOHN LENNON),MANCHESTER,745,745,0,552,552,0,34.96377
14/03/2025 12:08,2024,2023,B,Other Reporting Airports,LIVERPOOL (JOHN LENNON),MARHAM(KINGS LYNN),65,0,65,0,0,0,0
14/03/2025 12:08,2024,2023,B,Other Reporting Airports,LIVERPOOL (JOHN LENNON),NEWCASTLE,301,0,301,379,0,379,-20.58047
14/03/2025 12:08,2024,2023,B,Other Reporting Airports,LIVERPOOL (JOHN LENNON),NORWICH,153,0,153,246,0,246,-37.80488
14/03/2025 12:08,2024,2023,B,Other Reporting Airports,LIVERPOOL (JOHN LENNON),PRESTWICK,0,0,0,54,0,54,-100
14/03/2025 12:08,2024,2023,B,Other Reporting Airports,LIVERPOOL (JOHN LENNON),SOUTHAMPTON,517,0,517,250,66,184,106.8
14/03/2025 12:08,2024,2023,B,Other Reporting Airports,MANCHESTER,NEWCASTLE,142,142,0,178,0,178,-20.22472
14/03/2025 12:08,2024,2023,B,Other Reporting Airports,MANCHESTER,NEWQUAY,48550,48550,0,75091,75091,0,-35.34511
14/03/2025 12:08,2024,2023,B,Other Reporting Airports,MANCHESTER,NORWICH,85,85,0,85,85,0,0
14/03/2025 12:08,2024,2023,B,Other Reporting Airports,MANCHESTER,PRESTWICK,175,0,175,0,0,0,0
14/03/2025 12:08,2024,2023,B,Other Reporting Airports,MANCHESTER,SOUTHAMPTON,44,44,0,5515,5418,97,-99.20218
14/03/2025 12:08,2024,2023,B,Other Reporting Airports,MANCHESTER,STORNOWAY,6693,6693,0,4851,4851,0,37.97155
14/03/2025 12:08,2024,2023,B,Other Reporting Airports,MANCHESTER,SUMBURGH,35,35,0,11361,11361,0,-99.69193
14/03/2025 12:08,2024,2023,B,Other Reporting Airports,NEWCASTLE,NEWQUAY,3234,3234,0,3968,3968,0,-18.49798
14/03/2025 12:08,2024,2023,B,Other Reporting Airports,NEWCASTLE,NORWICH,0,0,0,102,28,74,-100
14/03/2025 12:08,2024,2023,B,Other Reporting Airports,NEWCASTLE,SOUTHAMPTON,42470,42470,0,46908,46808,100,-9.46107
14/03/2025 12:08,2024,2023,B,Other Reporting Airports,NEWQUAY,PRESTWICK,130,0,130,29,0,29,348.27586
14/03/2025 12:08,2024,2023,B,Other Reporting Airports,NEWQUAY,SOUTHAMPTON,0,0,0,51,51,0,-100
14/03/2025 12:08,2024,2023,B,Other Reporting Airports,NEWQUAY,SUMBURGH,0,0,0,2,2,0,-100
14/03/2025 12:08,2024,2023,B,Other Reporting Airports,NORWICH,TEESSIDE INTERNATIONAL AIRPORT,177,85,92,73,0,73,142.46575
14/03/2025 12:08,2024,2023,B,Other Reporting Airports,OBAN (NORTH CONNEL),TIREE,276,276,0,251,251,0,9.96016
14/03/2025 12:08,2024,2023,B,Other Reporting Airports,OXFORD (KIDLINGTON),TEESSIDE INTERNATIONAL AIRPORT,77,0,77,0,0,0,0
14/03/2025 12:08,2024,2023,B,Other Reporting Airports,SOUTHAMPTON,STORNOWAY,967,967,0,5201,5201,0,-81.40742
14/03/2025 12:08,2024,2023,B,Other Reporting Airports,SOUTHAMPTON,TEESSIDE INTERNATIONAL AIRPORT,70,0,70,105,0,105,-33.33333

